{
  "slug": "eventmap",
  "name": "EventMap App",
  "agents": [
    {
      "name": "default",
      "type": "web",
      "executor": "javascript1",
      "iface_file": "",
      "web_entry": "eventmap.main",
      "web_script": "client.js",
      "web_style": "client.css",
      "entry_file": "server_main.js",
      "web_loader": "std.loader",
      "web_files": {
        "client.js": "client_main.js",
        "client.css": "client_main.css"
      },
      "resources": [
        {
          "name": "maindb",
          "ref_name": "data_resource"
        }
      ]
    },
    {
      "name": "emitter",
      "type": "web",
      "executor": "javascript1",
      "iface_file": "",
      "web_entry": "eventmap.emitter.main",
      "web_script": "client.js",
      "web_style": "client.css",
      "entry_file": "server_emitter.js",
      "web_loader": "std.loader",
      "web_files": {
        "client.js": "client_emitter.js",
        "client.css": "client_emitter.css"
      },
      "resources": [
        {
          "name": "maindb",
          "ref_name": "data_resource"
        }
      ]
    }
  ]
}
