{
  "slug": "simpletasks",
  "name": "SimpleTasks App",
  "agents": [
    {
      "name": "default",
      "type": "web",
      "executor": "javascript1",
      "iface_file": "",
      "web_entry": "simpletasks.main",
      "web_script": "client.js",
      "web_style": "client.css,katex.css,monokai-sublime.css,quill_snow.css",
      "entry_file": "server.js",
      "web_loader": "std.loader",
      "web_files": {
        "client.js": "client.js",
        "client.css": "client.css",
        "katex.css": "katex.css",
        "monokai-sublime.css": "monokai-sublime.css",
        "quill_snow.css": "quill_snow.css"
      }
    }
  ]
}
